sample,trait,value,label
plant0,in_bounds,1,none
plant0,area,1424.0,pixels
plant0,convex_hull_area,1658.5,pixels
plant0,solidity,0.8586071751582756,none
plant0,perimeter,199.23758828639984,pixels
plant0,width,55,pixels
plant0,height,40,pixels
plant0,longest_path,444,pixels
plant0,center_of_mass,105.17345505617978,x
plant0,center_of_mass,118.02808988764045,y
plant0,convex_hull_vertices,18,none
plant0,object_in_frame,1,none
plant0,ellipse_center,104.18855285644531,x
plant0,ellipse_center,117.61619567871094,y
plant0,ellipse_major_axis,56.63164520263672,pixels
plant0,ellipse_minor_axis,35.46809768676758,pixels
plant0,ellipse_angle,110.81905364990234,degrees
plant0,ellipse_eccentricity,0.77958641802313,none
plant1,in_bounds,1,none
plant1,area,1919.0,pixels
plant1,convex_hull_area,2197.0,pixels
plant1,solidity,0.8734638142922166,none
plant1,perimeter,245.0365778207779,pixels
plant1,width,64,pixels
plant1,height,50,pixels
plant1,longest_path,484,pixels
plant1,center_of_mass,265.8692027097447,x
plant1,center_of_mass,119.27566440854612,y
plant1,convex_hull_vertices,21,none
plant1,object_in_frame,1,none
plant1,ellipse_center,266.1359558105469,x
plant1,ellipse_center,119.44332885742188,y
plant1,ellipse_major_axis,68.1259536743164,pixels
plant1,ellipse_minor_axis,38.50349044799805,pixels
plant1,ellipse_angle,119.5553970336914,degrees
plant1,ellipse_eccentricity,0.8249669729883972,none
plant2,in_bounds,1,none
plant2,area,1156.0,pixels
plant2,convex_hull_area,1300.5,pixels
plant2,solidity,0.8888888888888888,none
plant2,perimeter,172.5096664428711,pixels
plant2,width,48,pixels
plant2,height,41,pixels
plant2,longest_path,359,pixels
plant2,center_of_mass,436.1764705882353,x
plant2,center_of_mass,128.54584775086505,y
plant2,convex_hull_vertices,20,none
plant2,object_in_frame,1,none
plant2,ellipse_center,436.2371520996094,x
plant2,ellipse_center,128.3028106689453,y
plant2,ellipse_major_axis,49.82129669189453,pixels
plant2,ellipse_minor_axis,30.455827713012695,pixels
plant2,ellipse_angle,120.2938232421875,degrees
plant2,ellipse_eccentricity,0.7913978870629622,none
plant3,in_bounds,1,none
plant3,area,1274.0,pixels
plant3,convex_hull_area,1373.0,pixels
plant3,solidity,0.9278951201747997,none
plant3,perimeter,198.89444243907928,pixels
plant3,width,48,pixels
plant3,height,42,pixels
plant3,longest_path,379,pixels
plant3,center_of_mass,594.5188383045526,x
plant3,center_of_mass,131.37048665620094,y
plant3,convex_hull_vertices,26,none
plant3,object_in_frame,1,none
plant3,ellipse_center,594.7337036132812,x
plant3,ellipse_center,131.46142578125,y
plant3,ellipse_major_axis,48.93022918701172,pixels
plant3,ellipse_minor_axis,32.30339050292969,pixels
plant3,ellipse_angle,127.42574310302734,degrees
plant3,ellipse_eccentricity,0.751096078171523,none
plant4,in_bounds,1,none
plant4,area,1550.0,pixels
plant4,convex_hull_area,1771.0,pixels
plant4,solidity,0.8752117447769622,none
plant4,perimeter,212.6518018245697,pixels
plant4,width,52,pixels
plant4,height,51,pixels
plant4,longest_path,350,pixels
plant4,center_of_mass,753.9883870967742,x
plant4,center_of_mass,131.5,y
plant4,convex_hull_vertices,18,none
plant4,object_in_frame,1,none
plant4,ellipse_center,754.2396240234375,x
plant4,ellipse_center,130.22227478027344,y
plant4,ellipse_major_axis,49.63966369628906,pixels
plant4,ellipse_minor_axis,45.51137924194336,pixels
plant4,ellipse_angle,77.89323425292969,degrees
plant4,ellipse_eccentricity,0.3992663899172245,none
plant5,in_bounds,1,none
plant5,area,964.0,pixels
plant5,convex_hull_area,1019.5,pixels
plant5,solidity,0.9455615497793036,none
plant5,perimeter,148.71067690849304,pixels
plant5,width,40,pixels
plant5,height,35,pixels
plant5,longest_path,280,pixels
plant5,center_of_mass,912.0767634854772,x
plant5,center_of_mass,137.2863070539419,y
plant5,convex_hull_vertices,17,none
plant5,object_in_frame,1,none
plant5,ellipse_center,911.9275512695312,x
plant5,ellipse_center,137.48594665527344,y
plant5,ellipse_major_axis,38.05268096923828,pixels
plant5,ellipse_minor_axis,32.78350830078125,pixels
plant5,ellipse_angle,93.85852813720703,degrees
plant5,ellipse_eccentricity,0.5077074661622439,none
plant6,in_bounds,1,none
plant6,area,1083.0,pixels
plant6,convex_hull_area,1129.0,pixels
plant6,solidity,0.9592559787422498,none
plant6,perimeter,162.2670258283615,pixels
plant6,width,36,pixels
plant6,height,43,pixels
plant6,longest_path,287,pixels
plant6,center_of_mass,1067.100646352724,x
plant6,center_of_mass,140.72853185595568,y
plant6,convex_hull_vertices,18,none
plant6,object_in_frame,1,none
plant6,ellipse_center,1067.26953125,x
plant6,ellipse_center,140.775146484375,y
plant6,ellipse_major_axis,43.06472396850586,pixels
plant6,ellipse_minor_axis,32.7155876159668,pixels
plant6,ellipse_angle,168.81382751464844,degrees
plant6,ellipse_eccentricity,0.6502922524953726,none
plant7,in_bounds,1,none
plant7,area,1315.0,pixels
plant7,convex_hull_area,1453.0,pixels
plant7,solidity,0.9050240880935995,none
plant7,perimeter,179.68123936653137,pixels
plant7,width,49,pixels
plant7,height,49,pixels
plant7,longest_path,354,pixels
plant7,center_of_mass,1229.0768060836501,x
plant7,center_of_mass,136.0425855513308,y
plant7,convex_hull_vertices,21,none
plant7,object_in_frame,1,none
plant7,ellipse_center,1228.975830078125,x
plant7,ellipse_center,136.20346069335938,y
plant7,ellipse_major_axis,52.1345100402832,pixels
plant7,ellipse_minor_axis,33.67824935913086,pixels
plant7,ellipse_angle,46.79435348510742,degrees
plant7,ellipse_eccentricity,0.7633478647587684,none
plant8,in_bounds,1,none
plant8,area,1431.0,pixels
plant8,convex_hull_area,1670.5,pixels
plant8,solidity,0.8566297515713858,none
plant8,perimeter,201.23758828639984,pixels
plant8,width,51,pixels
plant8,height,45,pixels
plant8,longest_path,382,pixels
plant8,center_of_mass,1388.9832285115303,x
plant8,center_of_mass,135.68413696715584,y
plant8,convex_hull_vertices,20,none
plant8,object_in_frame,1,none
plant8,ellipse_center,1388.6893310546875,x
plant8,ellipse_center,135.83485412597656,y
plant8,ellipse_major_axis,52.13229751586914,pixels
plant8,ellipse_minor_axis,38.0041389465332,pixels
plant8,ellipse_angle,62.335994720458984,degrees
plant8,ellipse_eccentricity,0.6845199459143263,none
plant9,in_bounds,1,none
plant9,area,1308.0,pixels
plant9,convex_hull_area,1548.5,pixels
plant9,solidity,0.8446884081369067,none
plant9,perimeter,212.6518018245697,pixels
plant9,width,52,pixels
plant9,height,46,pixels
plant9,longest_path,363,pixels
plant9,center_of_mass,1548.737003058104,x
plant9,center_of_mass,137.664373088685,y
plant9,convex_hull_vertices,19,none
plant9,object_in_frame,1,none
plant9,ellipse_center,1549.3690185546875,x
plant9,ellipse_center,136.9602813720703,y
plant9,ellipse_major_axis,48.28208923339844,pixels
plant9,ellipse_minor_axis,37.79536056518555,pixels
plant9,ellipse_angle,70.86306762695312,degrees
plant9,ellipse_eccentricity,0.622269703776153,none
plant10,in_bounds,1,none
plant10,area,1483.0,pixels
plant10,convex_hull_area,1965.5,pixels
plant10,solidity,0.7545153904858815,none
plant10,perimeter,275.2792184352875,pixels
plant10,width,72,pixels
plant10,height,41,pixels
plant10,longest_path,510,pixels
plant10,center_of_mass,1720.4571813890761,x
plant10,center_of_mass,138.19217801753203,y
plant10,convex_hull_vertices,18,none
plant10,object_in_frame,1,none
plant10,ellipse_center,1718.9530029296875,x
plant10,ellipse_center,138.70188903808594,y
plant10,ellipse_major_axis,73.91556549072266,pixels
plant10,ellipse_minor_axis,29.896352767944336,pixels
plant10,ellipse_angle,72.11492919921875,degrees
plant10,ellipse_eccentricity,0.9145529179477537,none
plant11,in_bounds,1,none
plant11,area,2241.0,pixels
plant11,convex_hull_area,2751.5,pixels
plant11,solidity,0.8144648373614393,none
plant11,perimeter,288.59292674064636,pixels
plant11,width,74,pixels
plant11,height,48,pixels
plant11,longest_path,492,pixels
plant11,center_of_mass,99.62025881302989,x
plant11,center_of_mass,280.35430611334226,y
plant11,convex_hull_vertices,23,none
plant11,object_in_frame,1,none
plant11,ellipse_center,99.74583435058594,x
plant11,ellipse_center,280.4566345214844,y
plant11,ellipse_major_axis,70.884033203125,pixels
plant11,ellipse_minor_axis,44.314456939697266,pixels
plant11,ellipse_angle,87.16508483886719,degrees
plant11,ellipse_eccentricity,0.7804898998045361,none
plant12,in_bounds,1,none
plant12,area,1487.0,pixels
plant12,convex_hull_area,1771.5,pixels
plant12,solidity,0.8394016370307649,none
plant12,perimeter,208.16652059555054,pixels
plant12,width,66,pixels
plant12,height,41,pixels
plant12,longest_path,454,pixels
plant12,center_of_mass,273.2138533960995,x
plant12,center_of_mass,284.39609952925355,y
plant12,convex_hull_vertices,21,none
plant12,object_in_frame,1,none
plant12,ellipse_center,273.8638610839844,x
plant12,ellipse_center,284.240234375,y
plant12,ellipse_major_axis,65.4748306274414,pixels
plant12,ellipse_minor_axis,33.26676559448242,pixels
plant12,ellipse_angle,98.57080841064453,degrees
plant12,ellipse_eccentricity,0.8613070566208852,none
plant13,in_bounds,1,none
plant13,area,2179.0,pixels
plant13,convex_hull_area,2562.0,pixels
plant13,solidity,0.8505074160811865,none
plant13,perimeter,253.27921843528748,pixels
plant13,width,70,pixels
plant13,height,54,pixels
plant13,longest_path,490,pixels
plant13,center_of_mass,431.2455254703993,x
plant13,center_of_mass,281.68655346489214,y
plant13,convex_hull_vertices,24,none
plant13,object_in_frame,1,none
plant13,ellipse_center,430.66522216796875,x
plant13,ellipse_center,282.47235107421875,y
plant13,ellipse_major_axis,68.2776870727539,pixels
plant13,ellipse_minor_axis,45.477325439453125,pixels
plant13,ellipse_angle,114.7939453125,degrees
plant13,ellipse_eccentricity,0.7458943854420809,none
plant14,in_bounds,1,none
plant14,area,1243.0,pixels
plant14,convex_hull_area,1353.5,pixels
plant14,solidity,0.9183598079054304,none
plant14,perimeter,181.09545290470123,pixels
plant14,width,46,pixels
plant14,height,40,pixels
plant14,longest_path,318,pixels
plant14,center_of_mass,598.9782783588093,x
plant14,center_of_mass,289.15848753016894,y
plant14,convex_hull_vertices,20,none
plant14,object_in_frame,1,none
plant14,ellipse_center,598.6867065429688,x
plant14,ellipse_center,289.3919982910156,y
plant14,ellipse_major_axis,43.72624206542969,pixels
plant14,ellipse_minor_axis,35.644535064697266,pixels
plant14,ellipse_angle,117.69493865966797,degrees
plant14,ellipse_eccentricity,0.5792148825020915,none
plant15,in_bounds,1,none
plant15,area,1036.0,pixels
plant15,convex_hull_area,1208.5,pixels
plant15,solidity,0.8572610674389739,none
plant15,perimeter,154.95331752300262,pixels
plant15,width,41,pixels
plant15,height,41,pixels
plant15,longest_path,296,pixels
plant15,center_of_mass,753.5028957528957,x
plant15,center_of_mass,292.9623552123552,y
plant15,convex_hull_vertices,19,none
plant15,object_in_frame,1,none
plant15,ellipse_center,754.1234130859375,x
plant15,ellipse_center,293.2603454589844,y
plant15,ellipse_major_axis,41.919063568115234,pixels
plant15,ellipse_minor_axis,35.561466217041016,pixels
plant15,ellipse_angle,36.42963790893555,degrees
plant15,ellipse_eccentricity,0.529457650339015,none
plant16,in_bounds,1,none
plant16,area,1250.0,pixels
plant16,convex_hull_area,1309.5,pixels
plant16,solidity,0.9545628102329133,none
plant16,perimeter,168.75230705738068,pixels
plant16,width,42,pixels
plant16,height,48,pixels
plant16,longest_path,301,pixels
plant16,center_of_mass,911.816,x
plant16,center_of_mass,293.952,y
plant16,convex_hull_vertices,18,none
plant16,object_in_frame,1,none
plant16,ellipse_center,911.2310180664062,x
plant16,ellipse_center,294.3147277832031,y
plant16,ellipse_major_axis,48.23603820800781,pixels
plant16,ellipse_minor_axis,34.58012390136719,pixels
plant16,ellipse_angle,30.092878341674805,degrees
plant16,ellipse_eccentricity,0.6971822332030602,none
plant17,in_bounds,1,none
plant17,area,1414.0,pixels
plant17,convex_hull_area,1590.5,pixels
plant17,solidity,0.8890286073561773,none
plant17,perimeter,195.23758828639984,pixels
plant17,width,51,pixels
plant17,height,44,pixels
plant17,longest_path,364,pixels
plant17,center_of_mass,1068.426449787836,x
plant17,center_of_mass,294.41654879773694,y
plant17,convex_hull_vertices,16,none
plant17,object_in_frame,1,none
plant17,ellipse_center,1068.1114501953125,x
plant17,ellipse_center,294.1403503417969,y
plant17,ellipse_major_axis,50.340728759765625,pixels
plant17,ellipse_minor_axis,39.57014465332031,pixels
plant17,ellipse_angle,116.62046813964844,degrees
plant17,ellipse_eccentricity,0.618167599252982,none
plant18,in_bounds,1,none
plant18,area,1119.0,pixels
plant18,convex_hull_area,1404.5,pixels
plant18,solidity,0.7967248131007476,none
plant18,perimeter,204.55129659175873,pixels
plant18,width,49,pixels
plant18,height,42,pixels
plant18,longest_path,380,pixels
plant18,center_of_mass,1223.508489722967,x
plant18,center_of_mass,298.0420017873101,y
plant18,convex_hull_vertices,18,none
plant18,object_in_frame,1,none
plant18,ellipse_center,1224.021728515625,x
plant18,ellipse_center,297.76202392578125,y
plant18,ellipse_major_axis,51.52552032470703,pixels
plant18,ellipse_minor_axis,32.83908462524414,pixels
plant18,ellipse_angle,61.90325927734375,degrees
plant18,ellipse_eccentricity,0.7705857752985258,none
plant19,in_bounds,1,none
plant19,area,1746.0,pixels
plant19,convex_hull_area,2002.0,pixels
plant19,solidity,0.8721278721278721,none
plant19,perimeter,241.0365778207779,pixels
plant19,width,55,pixels
plant19,height,50,pixels
plant19,longest_path,413,pixels
plant19,center_of_mass,1387.8276059564719,x
plant19,center_of_mass,296.1546391752577,y
plant19,convex_hull_vertices,25,none
plant19,object_in_frame,1,none
plant19,ellipse_center,1387.9896240234375,x
plant19,ellipse_center,295.7696838378906,y
plant19,ellipse_major_axis,55.231998443603516,pixels
plant19,ellipse_minor_axis,43.11701583862305,pixels
plant19,ellipse_angle,60.29987716674805,degrees
plant19,ellipse_eccentricity,0.6249649274233473,none
plant20,in_bounds,1,none
plant20,area,1340.0,pixels
plant20,convex_hull_area,1597.0,pixels
plant20,solidity,0.839073262366938,none
plant20,perimeter,206.40916121006012,pixels
plant20,width,56,pixels
plant20,height,41,pixels
plant20,longest_path,372,pixels
plant20,center_of_mass,1543.6783582089552,x
plant20,center_of_mass,299.7835820895522,y
plant20,convex_hull_vertices,16,none
plant20,object_in_frame,1,none
plant20,ellipse_center,1543.509521484375,x
plant20,ellipse_center,299.3471984863281,y
plant20,ellipse_major_axis,51.4127311706543,pixels
plant20,ellipse_minor_axis,36.81981658935547,pixels
plant20,ellipse_angle,86.891357421875,degrees
plant20,ellipse_eccentricity,0.6979346416406701,none
plant21,in_bounds,1,none
plant21,area,1437.0,pixels
plant21,convex_hull_area,1794.5,pixels
plant21,solidity,0.8007801616049038,none
plant21,perimeter,228.89444243907928,pixels
plant21,width,59,pixels
plant21,height,39,pixels
plant21,longest_path,406,pixels
plant21,center_of_mass,1707.3681280445373,x
plant21,center_of_mass,299.4342379958246,y
plant21,convex_hull_vertices,15,none
plant21,object_in_frame,1,none
plant21,ellipse_center,1706.9110107421875,x
plant21,ellipse_center,299.85333251953125,y
plant21,ellipse_major_axis,61.75835418701172,pixels
plant21,ellipse_minor_axis,32.65401077270508,pixels
plant21,ellipse_angle,80.10454559326172,degrees
plant21,ellipse_eccentricity,0.8487848661472794,none
plant22,in_bounds,1,none
plant22,area,1831.0,pixels
plant22,convex_hull_area,2072.5,pixels
plant22,solidity,0.8834740651387214,none
plant22,perimeter,218.30865597724915,pixels
plant22,width,65,pixels
plant22,height,44,pixels
plant22,longest_path,443,pixels
plant22,center_of_mass,105.7799016930639,x
plant22,center_of_mass,443.26815947569634,y
plant22,convex_hull_vertices,20,none
plant22,object_in_frame,1,none
plant22,ellipse_center,104.14410400390625,x
plant22,ellipse_center,442.97955322265625,y
plant22,ellipse_major_axis,65.59139251708984,pixels
plant22,ellipse_minor_axis,40.40632629394531,pixels
plant22,ellipse_angle,91.43968963623047,degrees
plant22,ellipse_eccentricity,0.7877219672959014,none
plant23,in_bounds,1,none
plant23,area,1648.0,pixels
plant23,convex_hull_area,1983.0,pixels
plant23,solidity,0.8310640443772063,none
plant23,perimeter,223.48022890090942,pixels
plant23,width,66,pixels
plant23,height,45,pixels
plant23,longest_path,460,pixels
plant23,center_of_mass,275.81856796116506,x
plant23,center_of_mass,444.34041262135923,y
plant23,convex_hull_vertices,21,none
plant23,object_in_frame,1,none
plant23,ellipse_center,275.7220764160156,x
plant23,ellipse_center,444.6700134277344,y
plant23,ellipse_major_axis,61.5968017578125,pixels
plant23,ellipse_minor_axis,39.2515754699707,pixels
plant23,ellipse_angle,87.70547485351562,degrees
plant23,ellipse_eccentricity,0.7706703886187197,none
plant24,in_bounds,1,none
plant24,area,1358.0,pixels
plant24,convex_hull_area,1555.0,pixels
plant24,solidity,0.8733118971061093,none
plant24,perimeter,220.30865597724915,pixels
plant24,width,47,pixels
plant24,height,46,pixels
plant24,longest_path,323,pixels
plant24,center_of_mass,439.2614138438881,x
plant24,center_of_mass,450.00368188512516,y
plant24,convex_hull_vertices,18,none
plant24,object_in_frame,1,none
plant24,ellipse_center,439.4496154785156,x
plant24,ellipse_center,450.1927490234375,y
plant24,ellipse_major_axis,44.472267150878906,pixels
plant24,ellipse_minor_axis,40.68149185180664,pixels
plant24,ellipse_angle,15.04432487487793,degrees
plant24,ellipse_eccentricity,0.40399562607711215,none
plant25,in_bounds,1,none
plant25,area,941.0,pixels
plant25,convex_hull_area,986.0,pixels
plant25,solidity,0.9543610547667343,none
plant25,perimeter,136.71067690849304,pixels
plant25,width,40,pixels
plant25,height,35,pixels
plant25,longest_path,279,pixels
plant25,center_of_mass,606.0988310308182,x
plant25,center_of_mass,450.0977683315622,y
plant25,convex_hull_vertices,20,none
plant25,object_in_frame,1,none
plant25,ellipse_center,606.12646484375,x
plant25,ellipse_center,450.21417236328125,y
plant25,ellipse_major_axis,38.5080680847168,pixels
plant25,ellipse_minor_axis,31.555633544921875,pixels
plant25,ellipse_angle,93.728759765625,degrees
plant25,ellipse_eccentricity,0.5731433561192412,none
plant26,in_bounds,1,none
plant26,area,1028.0,pixels
plant26,convex_hull_area,1061.0,pixels
plant26,solidity,0.9688972667295005,none
plant26,perimeter,148.46803629398346,pixels
plant26,width,39,pixels
plant26,height,36,pixels
plant26,longest_path,292,pixels
plant26,center_of_mass,756.2587548638132,x
plant26,center_of_mass,454.5749027237354,y
plant26,convex_hull_vertices,19,none
plant26,object_in_frame,1,none
plant26,ellipse_center,756.3309936523438,x
plant26,ellipse_center,454.6948547363281,y
plant26,ellipse_major_axis,40.32838821411133,pixels
plant26,ellipse_minor_axis,31.659772872924805,pixels
plant26,ellipse_angle,56.93120193481445,degrees
plant26,ellipse_eccentricity,0.6194332886503077,none
plant27,in_bounds,1,none
plant27,area,1504.0,pixels
plant27,convex_hull_area,1623.5,pixels
plant27,solidity,0.9263935940868494,none
plant27,perimeter,206.06601536273956,pixels
plant27,width,44,pixels
plant27,height,50,pixels
plant27,longest_path,348,pixels
plant27,center_of_mass,907.3863031914893,x
plant27,center_of_mass,458.98603723404256,y
plant27,convex_hull_vertices,20,none
plant27,object_in_frame,1,none
plant27,ellipse_center,907.552001953125,x
plant27,ellipse_center,458.49896240234375,y
plant27,ellipse_major_axis,50.942813873291016,pixels
plant27,ellipse_minor_axis,38.742130279541016,pixels
plant27,ellipse_angle,164.03274536132812,degrees
plant27,ellipse_eccentricity,0.6493351656374377,none
plant28,in_bounds,1,none
plant28,area,833.0,pixels
plant28,convex_hull_area,916.0,pixels
plant28,solidity,0.9093886462882096,none
plant28,perimeter,172.6518018245697,pixels
plant28,width,37,pixels
plant28,height,37,pixels
plant28,longest_path,229,pixels
plant28,center_of_mass,1059.5678271308523,x
plant28,center_of_mass,460.1344537815126,y
plant28,convex_hull_vertices,18,none
plant28,object_in_frame,1,none
plant28,ellipse_center,1059.3233642578125,x
plant28,ellipse_center,460.1130676269531,y
plant28,ellipse_major_axis,34.51788330078125,pixels
plant28,ellipse_minor_axis,30.6956844329834,pixels
plant28,ellipse_angle,59.4267692565918,degrees
plant28,ellipse_eccentricity,0.4573845219464453,none
plant29,in_bounds,1,none
plant29,area,945.0,pixels
plant29,convex_hull_area,1061.5,pixels
plant29,solidity,0.8902496467263307,none
plant29,perimeter,154.1248904466629,pixels
plant29,width,39,pixels
plant29,height,37,pixels
plant29,longest_path,295,pixels
plant29,center_of_mass,1215.4126984126983,x
plant29,center_of_mass,458.82645502645505,y
plant29,convex_hull_vertices,17,none
plant29,object_in_frame,1,none
plant29,ellipse_center,1216.2703857421875,x
plant29,ellipse_center,458.52264404296875,y
plant29,ellipse_major_axis,41.81001663208008,pixels
plant29,ellipse_minor_axis,31.89508056640625,pixels
plant29,ellipse_angle,55.203834533691406,degrees
plant29,ellipse_eccentricity,0.6465667698164108,none
plant30,in_bounds,1,none
plant30,area,1413.0,pixels
plant30,convex_hull_area,1688.5,pixels
plant30,solidity,0.8368374296713059,none
plant30,perimeter,247.42135381698608,pixels
plant30,width,63,pixels
plant30,height,37,pixels
plant30,longest_path,437,pixels
plant30,center_of_mass,1382.3255484784147,x
plant30,center_of_mass,459.0969568294409,y
plant30,convex_hull_vertices,19,none
plant30,object_in_frame,1,none
plant30,ellipse_center,1381.523193359375,x
plant30,ellipse_center,459.30682373046875,y
plant30,ellipse_major_axis,61.116851806640625,pixels
plant30,ellipse_minor_axis,31.199541091918945,pixels
plant30,ellipse_angle,89.23574829101562,degrees
plant30,ellipse_eccentricity,0.8598836954516584,none
plant31,in_bounds,1,none
plant31,area,1948.0,pixels
plant31,convex_hull_area,2227.5,pixels
plant31,solidity,0.8745230078563412,none
plant31,perimeter,225.9655101299286,pixels
plant31,width,63,pixels
plant31,height,53,pixels
plant31,longest_path,433,pixels
plant31,center_of_mass,1539.135523613963,x
plant31,center_of_mass,461.5723819301848,y
plant31,convex_hull_vertices,22,none
plant31,object_in_frame,1,none
plant31,ellipse_center,1539.13671875,x
plant31,ellipse_center,461.15142822265625,y
plant31,ellipse_major_axis,59.624210357666016,pixels
plant31,ellipse_minor_axis,44.15748596191406,pixels
plant31,ellipse_angle,108.99568939208984,degrees
plant31,ellipse_eccentricity,0.6719499337726422,none
plant32,in_bounds,1,none
plant32,area,2048.0,pixels
plant32,convex_hull_area,2795.0,pixels
plant32,solidity,0.732737030411449,none
plant32,perimeter,337.0193328857422,pixels
plant32,width,77,pixels
plant32,height,52,pixels
plant32,longest_path,532,pixels
plant32,center_of_mass,1706.916015625,x
plant32,center_of_mass,464.9384765625,y
plant32,convex_hull_vertices,18,none
plant32,object_in_frame,1,none
plant32,ellipse_center,1709.6881103515625,x
plant32,ellipse_center,463.9703063964844,y
plant32,ellipse_major_axis,74.13279724121094,pixels
plant32,ellipse_minor_axis,44.0638542175293,pixels
plant32,ellipse_angle,83.79545593261719,degrees
plant32,ellipse_eccentricity,0.804176318896592,none
plant33,in_bounds,1,none
plant33,area,1807.0,pixels
plant33,convex_hull_area,2168.5,pixels
plant33,solidity,0.8332949043117363,none
plant33,perimeter,263.2792184352875,pixels
plant33,width,69,pixels
plant33,height,49,pixels
plant33,longest_path,532,pixels
plant33,center_of_mass,108.27227448810183,x
plant33,center_of_mass,607.3087991145545,y
plant33,convex_hull_vertices,19,none
plant33,object_in_frame,1,none
plant33,ellipse_center,108.71017456054688,x
plant33,ellipse_center,607.0123291015625,y
plant33,ellipse_major_axis,69.67894744873047,pixels
plant33,ellipse_minor_axis,36.92329025268555,pixels
plant33,ellipse_angle,62.615760803222656,degrees
plant33,ellipse_eccentricity,0.8480564030243714,none
plant34,in_bounds,1,none
plant34,area,1645.0,pixels
plant34,convex_hull_area,2206.0,pixels
plant34,solidity,0.7456935630099728,none
plant34,perimeter,294.59292674064636,pixels
plant34,width,75,pixels
plant34,height,46,pixels
plant34,longest_path,513,pixels
plant34,center_of_mass,277.22492401215806,x
plant34,center_of_mass,602.1142857142858,y
plant34,convex_hull_vertices,22,none
plant34,object_in_frame,1,none
plant34,ellipse_center,276.0928649902344,x
plant34,ellipse_center,602.7333374023438,y
plant34,ellipse_major_axis,70.27384185791016,pixels
plant34,ellipse_minor_axis,37.98499298095703,pixels
plant34,ellipse_angle,83.85737609863281,degrees
plant34,ellipse_eccentricity,0.8413258994529786,none
plant35,in_bounds,1,none
plant35,area,995.0,pixels
plant35,convex_hull_area,1104.5,pixels
plant35,solidity,0.9008601177003169,none
plant35,perimeter,186.40916121006012,pixels
plant35,width,43,pixels
plant35,height,37,pixels
plant35,longest_path,301,pixels
plant35,center_of_mass,445.1618090452261,x
plant35,center_of_mass,606.008040201005,y
plant35,convex_hull_vertices,17,none
plant35,object_in_frame,1,none
plant35,ellipse_center,445.3838806152344,x
plant35,ellipse_center,605.7074584960938,y
plant35,ellipse_major_axis,40.56385803222656,pixels
plant35,ellipse_minor_axis,31.976667404174805,pixels
plant35,ellipse_angle,67.6138687133789,degrees
plant35,ellipse_eccentricity,0.6152854516994406,none
plant36,in_bounds,1,none
plant36,area,1387.0,pixels
plant36,convex_hull_area,1571.5,pixels
plant36,solidity,0.8825962456251989,none
plant36,perimeter,204.30865597724915,pixels
plant36,width,51,pixels
plant36,height,50,pixels
plant36,longest_path,405,pixels
plant36,center_of_mass,601.6553713049748,x
plant36,center_of_mass,612.4008651766402,y
plant36,convex_hull_vertices,19,none
plant36,object_in_frame,1,none
plant36,ellipse_center,600.9717407226562,x
plant36,ellipse_center,612.0630493164062,y
plant36,ellipse_major_axis,56.87234115600586,pixels
plant36,ellipse_minor_axis,34.96730422973633,pixels
plant36,ellipse_angle,44.990535736083984,degrees
plant36,ellipse_eccentricity,0.7886530504677522,none
plant37,in_bounds,1,none
plant37,area,917.0,pixels
plant37,convex_hull_area,1079.5,pixels
plant37,solidity,0.8494673459935155,none
plant37,perimeter,170.5096664428711,pixels
plant37,width,37,pixels
plant37,height,42,pixels
plant37,longest_path,292,pixels
plant37,center_of_mass,754.1526717557252,x
plant37,center_of_mass,607.8647764449291,y
plant37,convex_hull_vertices,22,none
plant37,object_in_frame,1,none
plant37,ellipse_center,754.6052856445312,x
plant37,ellipse_center,607.2705688476562,y
plant37,ellipse_major_axis,41.353275299072266,pixels
plant37,ellipse_minor_axis,30.38245964050293,pixels
plant37,ellipse_angle,37.25859069824219,degrees
plant37,ellipse_eccentricity,0.6783866959578266,none
plant38,in_bounds,1,none
plant38,area,1459.0,pixels
plant38,convex_hull_area,1803.5,pixels
plant38,solidity,0.808982533961741,none
plant38,perimeter,219.722869515419,pixels
plant38,width,51,pixels
plant38,height,54,pixels
plant38,longest_path,358,pixels
plant38,center_of_mass,909.4845784784098,x
plant38,center_of_mass,608.9170664838931,y
plant38,convex_hull_vertices,18,none
plant38,object_in_frame,1,none
plant38,ellipse_center,909.310546875,x
plant38,ellipse_center,608.5061645507812,y
plant38,ellipse_major_axis,53.864768981933594,pixels
plant38,ellipse_minor_axis,40.295597076416016,pixels
plant38,ellipse_angle,141.9968719482422,degrees
plant38,ellipse_eccentricity,0.6635993314115998,none
plant39,in_bounds,1,none
plant39,area,1602.0,pixels
plant39,convex_hull_area,1834.5,pixels
plant39,solidity,0.8732624693376942,none
plant39,perimeter,197.68123936653137,pixels
plant39,width,44,pixels
plant39,height,59,pixels
plant39,longest_path,411,pixels
plant39,center_of_mass,1063.1304619225969,x
plant39,center_of_mass,613.5486891385768,y
plant39,convex_hull_vertices,22,none
plant39,object_in_frame,1,none
plant39,ellipse_center,1062.9285888671875,x
plant39,ellipse_center,613.2003173828125,y
plant39,ellipse_major_axis,58.378360748291016,pixels
plant39,ellipse_minor_axis,40.71755599975586,pixels
plant39,ellipse_angle,176.90281677246094,degrees
plant39,ellipse_eccentricity,0.7166073009095907,none
plant40,in_bounds,1,none
plant40,area,1288.0,pixels
plant40,convex_hull_area,1532.5,pixels
plant40,solidity,0.8404567699836868,none
plant40,perimeter,199.48022890090942,pixels
plant40,width,43,pixels
plant40,height,53,pixels
plant40,longest_path,385,pixels
plant40,center_of_mass,1214.2445652173913,x
plant40,center_of_mass,617.4945652173913,y
plant40,convex_hull_vertices,18,none
plant40,object_in_frame,1,none
plant40,ellipse_center,1214.6876220703125,x
plant40,ellipse_center,617.9004516601562,y
plant40,ellipse_major_axis,50.494686126708984,pixels
plant40,ellipse_minor_axis,36.624603271484375,pixels
plant40,ellipse_angle,155.06639099121094,degrees
plant40,ellipse_eccentricity,0.688416090932853,none
plant41,in_bounds,1,none
plant41,area,1184.0,pixels
plant41,convex_hull_area,1361.5,pixels
plant41,solidity,0.8696290855673889,none
plant41,perimeter,182.75230705738068,pixels
plant41,width,47,pixels
plant41,height,41,pixels
plant41,longest_path,301,pixels
plant41,center_of_mass,1373.4383445945946,x
plant41,center_of_mass,616.0692567567568,y
plant41,convex_hull_vertices,18,none
plant41,object_in_frame,1,none
plant41,ellipse_center,1373.12548828125,x
plant41,ellipse_center,615.9815673828125,y
plant41,ellipse_major_axis,45.61922836303711,pixels
plant41,ellipse_minor_axis,34.93605041503906,pixels
plant41,ellipse_angle,100.88957214355469,degrees
plant41,ellipse_eccentricity,0.6430567461445592,none
plant42,in_bounds,1,none
plant42,area,905.0,pixels
plant42,convex_hull_area,1058.0,pixels
plant42,solidity,0.8553875236294896,none
plant42,perimeter,178.61017167568207,pixels
plant42,width,53,pixels
plant42,height,29,pixels
plant42,longest_path,365,pixels
plant42,center_of_mass,1537.7668508287293,x
plant42,center_of_mass,614.9569060773481,y
plant42,convex_hull_vertices,15,none
plant42,object_in_frame,1,none
plant42,ellipse_center,1535.271240234375,x
plant42,ellipse_center,615.3291625976562,y
plant42,ellipse_major_axis,56.474327087402344,pixels
plant42,ellipse_minor_axis,22.912126541137695,pixels
plant42,ellipse_angle,76.49894714355469,degrees
plant42,ellipse_eccentricity,0.9140024291375559,none
plant43,in_bounds,1,none
plant43,area,1669.0,pixels
plant43,convex_hull_area,2156.0,pixels
plant43,solidity,0.7741187384044527,none
plant43,perimeter,270.45079135894775,pixels
plant43,width,71,pixels
plant43,height,41,pixels
plant43,longest_path,512,pixels
plant43,center_of_mass,1696.8867585380467,x
plant43,center_of_mass,623.5020970641102,y
plant43,convex_hull_vertices,21,none
plant43,object_in_frame,1,none
plant43,ellipse_center,1697.6962890625,x
plant43,ellipse_center,623.3418579101562,y
plant43,ellipse_major_axis,69.00328063964844,pixels
plant43,ellipse_minor_axis,35.89023971557617,pixels
plant43,ellipse_angle,105.75077056884766,degrees
plant43,ellipse_eccentricity,0.8540909586724384,none
plant44,in_bounds,1,none
plant44,area,1630.0,pixels
plant44,convex_hull_area,1863.5,pixels
plant44,solidity,0.8746981486450228,none
plant44,perimeter,222.16652059555054,pixels
plant44,width,67,pixels
plant44,height,42,pixels
plant44,longest_path,486,pixels
plant44,center_of_mass,114.31656441717791,x
plant44,center_of_mass,760.2251533742332,y
plant44,convex_hull_vertices,22,none
plant44,object_in_frame,1,none
plant44,ellipse_center,114.99166870117188,x
plant44,ellipse_center,759.9659423828125,y
plant44,ellipse_major_axis,67.23912048339844,pixels
plant44,ellipse_minor_axis,33.09608840942383,pixels
plant44,ellipse_angle,69.15866088867188,degrees
plant44,ellipse_eccentricity,0.8704737890799903,none
plant45,in_bounds,1,none
plant45,area,884.0,pixels
plant45,convex_hull_area,985.5,pixels
plant45,solidity,0.8970065956367326,none
plant45,perimeter,160.61017167568207,pixels
plant45,width,33,pixels
plant45,height,44,pixels
plant45,longest_path,313,pixels
plant45,center_of_mass,292.15497737556564,x
plant45,center_of_mass,760.2907239819004,y
plant45,convex_hull_vertices,17,none
plant45,object_in_frame,1,none
plant45,ellipse_center,292.37725830078125,x
plant45,ellipse_center,759.91015625,y
plant45,ellipse_major_axis,44.91082763671875,pixels
plant45,ellipse_minor_axis,26.174283981323242,pixels
plant45,ellipse_angle,24.808921813964844,degrees
plant45,ellipse_eccentricity,0.8126115783218841,none
plant46,in_bounds,1,none
plant46,area,960.0,pixels
plant46,convex_hull_area,1215.0,pixels
plant46,solidity,0.7901234567901234,none
plant46,perimeter,184.2670258283615,pixels
plant46,width,48,pixels
plant46,height,41,pixels
plant46,longest_path,308,pixels
plant46,center_of_mass,443.13645833333334,x
plant46,center_of_mass,762.1145833333334,y
plant46,convex_hull_vertices,15,none
plant46,object_in_frame,1,none
plant46,ellipse_center,442.51971435546875,x
plant46,ellipse_center,762.5979614257812,y
plant46,ellipse_major_axis,43.342262268066406,pixels
plant46,ellipse_minor_axis,34.04093551635742,pixels
plant46,ellipse_angle,63.78221893310547,degrees
plant46,ellipse_eccentricity,0.6189908241330865,none
plant47,in_bounds,1,none
plant47,area,982.0,pixels
plant47,convex_hull_area,1157.0,pixels
plant47,solidity,0.8487467588591184,none
plant47,perimeter,218.6518018245697,pixels
plant47,width,41,pixels
plant47,height,44,pixels
plant47,longest_path,338,pixels
plant47,center_of_mass,602.1252545824847,x
plant47,center_of_mass,759.1496945010183,y
plant47,convex_hull_vertices,20,none
plant47,object_in_frame,1,none
plant47,ellipse_center,602.2108154296875,x
plant47,ellipse_center,758.8312377929688,y
plant47,ellipse_major_axis,43.012794494628906,pixels
plant47,ellipse_minor_axis,30.127119064331055,pixels
plant47,ellipse_angle,37.83879470825195,degrees
plant47,ellipse_eccentricity,0.7137286926909306,none
plant48,in_bounds,1,none
plant48,area,1038.0,pixels
plant48,convex_hull_area,1607.5,pixels
plant48,solidity,0.6457231726283048,none
plant48,perimeter,215.86500489711761,pixels
plant48,width,48,pixels
plant48,height,52,pixels
plant48,longest_path,376,pixels
plant48,center_of_mass,756.4267822736031,x
plant48,center_of_mass,760.0105973025048,y
plant48,convex_hull_vertices,18,none
plant48,object_in_frame,1,none
plant48,ellipse_center,756.9984741210938,x
plant48,ellipse_center,761.28076171875,y
plant48,ellipse_major_axis,48.42289352416992,pixels
plant48,ellipse_minor_axis,42.76228713989258,pixels
plant48,ellipse_angle,161.96054077148438,degrees
plant48,ellipse_eccentricity,0.4691836533323617,none
plant49,in_bounds,1,none
plant49,area,1170.0,pixels
plant49,convex_hull_area,1394.0,pixels
plant49,solidity,0.8393113342898135,none
plant49,perimeter,203.5807341337204,pixels
plant49,width,43,pixels
plant49,height,48,pixels
plant49,longest_path,336,pixels
plant49,center_of_mass,910.4529914529915,x
plant49,center_of_mass,760.4598290598291,y
plant49,convex_hull_vertices,16,none
plant49,object_in_frame,1,none
plant49,ellipse_center,911.27197265625,x
plant49,ellipse_center,761.361572265625,y
plant49,ellipse_major_axis,44.909732818603516,pixels
plant49,ellipse_minor_axis,37.1982536315918,pixels
plant49,ellipse_angle,162.9273681640625,degrees
plant49,ellipse_eccentricity,0.5603005838995051,none
plant50,in_bounds,1,none
plant50,area,916.0,pixels
plant50,convex_hull_area,1213.5,pixels
plant50,solidity,0.7548413679439637,none
plant50,perimeter,217.722869515419,pixels
plant50,width,41,pixels
plant50,height,42,pixels
plant50,longest_path,339,pixels
plant50,center_of_mass,1060.3384279475983,x
plant50,center_of_mass,761.589519650655,y
plant50,convex_hull_vertices,20,none
plant50,object_in_frame,1,none
plant50,ellipse_center,1060.5430908203125,x
plant50,ellipse_center,762.6969604492188,y
plant50,ellipse_major_axis,42.96329879760742,pixels
plant50,ellipse_minor_axis,33.86079406738281,pixels
plant50,ellipse_angle,152.45457458496094,degrees
plant50,ellipse_eccentricity,0.6155049602632977,none
plant51,in_bounds,1,none
plant51,area,930.0,pixels
plant51,convex_hull_area,1051.5,pixels
plant51,solidity,0.884450784593438,none
plant51,perimeter,156.36753106117249,pixels
plant51,width,33,pixels
plant51,height,42,pixels
plant51,longest_path,291,pixels
plant51,center_of_mass,1209.5548387096774,x
plant51,center_of_mass,762.9989247311828,y
plant51,convex_hull_vertices,17,none
plant51,object_in_frame,1,none
plant51,ellipse_center,1209.5430908203125,x
plant51,ellipse_center,762.8776245117188,y
plant51,ellipse_major_axis,38.878299713134766,pixels
plant51,ellipse_minor_axis,31.417179107666016,pixels
plant51,ellipse_angle,170.2058563232422,degrees
plant51,ellipse_eccentricity,0.5890585492005677,none
plant52,in_bounds,1,none
plant52,area,1291.0,pixels
plant52,convex_hull_area,1584.0,pixels
plant52,solidity,0.8150252525252525,none
plant52,perimeter,207.9655101299286,pixels
plant52,width,49,pixels
plant52,height,47,pixels
plant52,longest_path,316,pixels
plant52,center_of_mass,1369.0821068938808,x
plant52,center_of_mass,774.5096824167313,y
plant52,convex_hull_vertices,14,none
plant52,object_in_frame,1,none
plant52,ellipse_center,1369.7828369140625,x
plant52,ellipse_center,773.9526977539062,y
plant52,ellipse_major_axis,51.31371307373047,pixels
plant52,ellipse_minor_axis,35.232322692871094,pixels
plant52,ellipse_angle,132.6175994873047,degrees
plant52,ellipse_eccentricity,0.7270293537534136,none
plant53,in_bounds,1,none
plant53,area,1092.0,pixels
plant53,convex_hull_area,1303.0,pixels
plant53,solidity,0.8380660015349194,none
plant53,perimeter,215.48022890090942,pixels
plant53,width,53,pixels
plant53,height,39,pixels
plant53,longest_path,417,pixels
plant53,center_of_mass,1531.3562271062272,x
plant53,center_of_mass,775.7518315018315,y
plant53,convex_hull_vertices,17,none
plant53,object_in_frame,1,none
plant53,ellipse_center,1531.0660400390625,x
plant53,ellipse_center,774.6864624023438,y
plant53,ellipse_major_axis,54.124717712402344,pixels
plant53,ellipse_minor_axis,28.205596923828125,pixels
plant53,ellipse_angle,120.25447845458984,degrees
plant53,ellipse_eccentricity,0.85348201928853,none
plant54,in_bounds,1,none
plant54,area,1436.0,pixels
plant54,convex_hull_area,1864.0,pixels
plant54,solidity,0.7703862660944206,none
plant54,perimeter,238.55129659175873,pixels
plant54,width,72,pixels
plant54,height,38,pixels
plant54,longest_path,522,pixels
plant54,center_of_mass,1696.7660167130919,x
plant54,center_of_mass,780.8154596100278,y
plant54,convex_hull_vertices,16,none
plant54,object_in_frame,1,none
plant54,ellipse_center,1695.9765625,x
plant54,ellipse_center,780.5972900390625,y
plant54,ellipse_major_axis,72.3414306640625,pixels
plant54,ellipse_minor_axis,29.672649383544922,pixels
plant54,ellipse_angle,105.90626525878906,degrees
plant54,ellipse_eccentricity,0.9120068172246965,none
